{
  "Edges": {
    "0": {
      "Type": "LineSegment",
      "Vertices": [
        10,
        11
      ]
    },
    "1": {
      "Type": "CircularArc",
      "Vertices": [
        10,
        11
      ],
      "Center": {
        "X": 1,
        "Y": 1
      },
      "ClockwiseFrom": 10
    }
  },
  "Vertices": {
    "10": {
      "Position": {
        "X": 0.2928932188134524,
        "Y": 0.2928932188134524
      }
    },
    "11": {
      "Position": {
        "X": 1.7071067811865476,
        "Y": 1.7071067811865476
      }
    }
  }
}
